{"cameraMode":{"drawMode":0,"name":"Shaded","section":"Shading Mode"},"sceneLighting":true,"audioPlay":false,"sceneViewState":{"showFog":true,"showMaterialUpdate":false,"showSkybox":true,"showFlares":true,"showImageEffects":true,"showParticleSystems":true},"in2DMode":false,"pivot":{"x":15.82040023803711,"y":18.882118225097658,"z":26.693546295166017},"rotation":{"x":0.015975140035152437,"y":0.948983907699585,"z":-0.311127245426178,"w":0.04872620105743408},"size":45.492706298828128,"orthographic":false}