{"cameraMode":{"drawMode":0,"name":"Shaded","section":"Shading Mode"},"sceneLighting":false,"audioPlay":false,"sceneViewState":{"showFog":true,"showMaterialUpdate":false,"showSkybox":false,"showFlares":true,"showImageEffects":true,"showParticleSystems":true},"in2DMode":false,"pivot":{"x":17.271865844726564,"y":6.948834419250488,"z":-1.9560139179229737},"rotation":{"x":-0.18286776542663575,"y":0.6959633827209473,"z":-0.19059911370277406,"w":-0.6677322387695313},"size":6.95493221282959,"orthographic":false}