{"cameraMode":{"drawMode":0,"name":"Shaded","section":"Shading Mode"},"sceneLighting":false,"audioPlay":false,"sceneViewState":{"showFog":true,"showMaterialUpdate":false,"showSkybox":false,"showFlares":true,"showImageEffects":true,"showParticleSystems":true},"in2DMode":false,"pivot":{"x":-0.8764387369155884,"y":-0.16203635931015016,"z":-1.4036486148834229},"rotation":{"x":-0.03723815456032753,"y":0.9609989523887634,"z":-0.16180771589279176,"w":-0.221161887049675},"size":4.031532287597656,"orthographic":false}