{"cameraMode":{"drawMode":0,"name":"Shaded","section":"Shading Mode"},"sceneLighting":true,"audioPlay":false,"sceneViewState":{"showFog":true,"showMaterialUpdate":false,"showSkybox":true,"showFlares":true,"showImageEffects":true,"showParticleSystems":true},"in2DMode":false,"pivot":{"x":0.4840163588523865,"y":0.6139621138572693,"z":-2.363882541656494},"rotation":{"x":-0.03723815456032753,"y":0.9609989523887634,"z":-0.16180771589279176,"w":-0.221161887049675},"size":60.90495300292969,"orthographic":false}