{"cameraMode":{"drawMode":0,"name":"Shaded","section":"Shading Mode"},"sceneLighting":false,"audioPlay":false,"sceneViewState":{"showFog":true,"showMaterialUpdate":false,"showSkybox":false,"showFlares":true,"showImageEffects":true,"showParticleSystems":true},"in2DMode":false,"pivot":{"x":-1.3315948247909547,"y":0.30284765362739565,"z":1.1195523738861085},"rotation":{"x":-0.07732000201940537,"y":0.9200247526168823,"z":-0.2327755093574524,"w":-0.30560049414634707},"size":22.0,"orthographic":false}